NÃ­vel,Cor,TÃ³pico,Arquivo,DescriÃ§Ã£o
BÃ¡sico,ğŸŸ¢,Regras,Regras.md,Regras fundamentais do pickleball
BÃ¡sico,ğŸŸ¢,Saque,Saque.md,TÃ©cnicas bÃ¡sicas de saque
BÃ¡sico,ğŸŸ¢,DevoluÃ§Ã£o,DevoluÃ§Ã£o.md,Como devolver o saque
BÃ¡sico,ğŸŸ¢,Dink,Dink.md,Golpe suave prÃ³ximo Ã  rede
BÃ¡sico,ğŸŸ¢,Voleio,Voleio.md,TÃ©cnica de voleio na rede
BÃ¡sico,ğŸŸ¢,Footwork,Footwork.md,MovimentaÃ§Ã£o e posicionamento
BÃ¡sico,ğŸŸ¢,Posicionamento,Posicionamento.md,EstratÃ©gias de posicionamento
BÃ¡sico,ğŸŸ¢,Empunhadura,Empunhadura.md,TÃ©cnicas de empunhadura
BÃ¡sico,ğŸŸ¢,Aquecimento,Aquecimento.md,PreparaÃ§Ã£o fÃ­sica antes do jogo
BÃ¡sico,ğŸŸ¢,Erros Comuns,Erros Comuns.md,Erros frequentes e como evitÃ¡-los
BÃ¡sico,ğŸŸ¢,Dicas,Dicas.md,Dicas gerais para iniciantes
BÃ¡sico,ğŸŸ¢,Golpes Fundamentais,Golpes Fundamentais.md,Golpes bÃ¡sicos essenciais
BÃ¡sico,ğŸŸ¢,TÃ©cnica de Base,TÃ©cnica de Base.md,Fundamentos tÃ©cnicos
BÃ¡sico,ğŸŸ¢,ConcentraÃ§Ã£o,ConcentraÃ§Ã£o.md,Manter o foco durante o jogo
BÃ¡sico,ğŸŸ¢,RespiraÃ§Ã£o,RespiraÃ§Ã£o.md,TÃ©cnicas de respiraÃ§Ã£o
IntermediÃ¡rio,ğŸŸ¡,Drop Shot,Drop Shot.md,Golpe suave para controlar o ritmo
IntermediÃ¡rio,ğŸŸ¡,Terceira bola,Terceira bola.md,EstratÃ©gia da terceira bola
IntermediÃ¡rio,ğŸŸ¡,Lob,Lob.md,Golpe alto e profundo
IntermediÃ¡rio,ğŸŸ¡,TransiÃ§Ã£o,TransiÃ§Ã£o.md,Movimento da linha de base para a rede
IntermediÃ¡rio,ğŸŸ¡,Jogo de Duplas,Jogo de Duplas.md,EstratÃ©gias para duplas
IntermediÃ¡rio,ğŸŸ¡,Defesa,Defesa.md,TÃ©cnicas defensivas
IntermediÃ¡rio,ğŸŸ¡,Bloqueio,Bloqueio.md,TÃ©cnica de bloqueio na rede
IntermediÃ¡rio,ğŸŸ¡,Spin,Spin.md,AplicaÃ§Ã£o de rotaÃ§Ã£o na bola
IntermediÃ¡rio,ğŸŸ¡,Contra-ataque,Contra-ataque.md,EstratÃ©gias de contra-ataque
IntermediÃ¡rio,ğŸŸ¡,ComunicaÃ§Ã£o,ComunicaÃ§Ã£o.md,ComunicaÃ§Ã£o entre parceiros
IntermediÃ¡rio,ğŸŸ¡,Drills e Treinos,Drills e Treinos.md,ExercÃ­cios de prÃ¡tica
IntermediÃ¡rio,ğŸŸ¡,PreparaÃ§Ã£o FÃ­sica,PreparaÃ§Ã£o FÃ­sica.md,Condicionamento fÃ­sico
IntermediÃ¡rio,ğŸŸ¡,EstratÃ©gia de Jogo,EstratÃ©gia de Jogo.md,Planejamento estratÃ©gico
IntermediÃ¡rio,ğŸŸ¡,Tempo de ReaÃ§Ã£o,Tempo de ReaÃ§Ã£o.md,Melhorar reflexos
IntermediÃ¡rio,ğŸŸ¡,AntecipaÃ§Ã£o,AntecipaÃ§Ã£o.md,Prever movimentos do adversÃ¡rio
IntermediÃ¡rio,ğŸŸ¡,Leitura de Jogo,Leitura de Jogo.md,Analisar situaÃ§Ãµes
IntermediÃ¡rio,ğŸŸ¡,AdaptaÃ§Ã£o,AdaptaÃ§Ã£o.md,Adaptar-se Ã s situaÃ§Ãµes
IntermediÃ¡rio,ğŸŸ¡,ConsistÃªncia,ConsistÃªncia.md,Manter performance constante
IntermediÃ¡rio,ğŸŸ¡,MecÃ¢nicas Fundamentais,MecÃ¢nicas Fundamentais.md,BiomecÃ¢nica correta para consistÃªncia e controle
AvanÃ§ado,ğŸ”´,Smash,Smash.md,Golpe de finalizaÃ§Ã£o
AvanÃ§ado,ğŸ”´,Acelerar as bolas,Acelerar as bolas.md,Aumentar velocidade
AvanÃ§ado,ğŸ”´,Reset,Reset.md,Recuperar controle do ponto
AvanÃ§ado,ğŸ”´,Ataque,Ataque.md,EstratÃ©gias ofensivas
AvanÃ§ado,ğŸ”´,Mental Game,Mental Game.md,Aspectos mentais do jogo
AvanÃ§ado,ğŸ”´,Erne,Erne.md,Golpe especial sobre a rede
AvanÃ§ado,ğŸ”´,ATP (Around The Post),ATP (Around The Post).md,Golpe ao redor do poste
AvanÃ§ado,ğŸ”´,Stacking,Stacking.md,Posicionamento estratÃ©gico
AvanÃ§ado,ğŸ”´,Switching,Switching.md,Troca de posiÃ§Ãµes
AvanÃ§ado,ğŸ”´,Poaching,Poaching.md,Interceptar bolas do parceiro
AvanÃ§ado,ğŸ”´,FinalizaÃ§Ãµes,FinalizaÃ§Ãµes.md,TÃ©cnicas de finalizaÃ§Ã£o
AvanÃ§ado,ğŸ”´,Jogo Singles,Jogo Singles.md,EstratÃ©gias para jogo individual
AvanÃ§ado,ğŸ”´,Torneios,Torneios.md,PreparaÃ§Ã£o para competiÃ§Ãµes
AvanÃ§ado,ğŸ”´,Golpes Especiais,Golpes Especiais.md,Golpes Ãºnicos e avanÃ§ados
AvanÃ§ado,ğŸ”´,TÃ©cnicas AvanÃ§adas,TÃ©cnicas AvanÃ§adas.md,TÃ©cnicas complexas
AvanÃ§ado,ğŸ”´,PressÃ£o Mental,PressÃ£o Mental.md,Lidar com pressÃ£o
AvanÃ§ado,ğŸ”´,ExecuÃ§Ã£o Sob PressÃ£o,ExecuÃ§Ã£o Sob PressÃ£o.md,Performance em situaÃ§Ãµes difÃ­ceis
AvanÃ§ado,ğŸ”´,LideranÃ§a em Quadra,LideranÃ§a em Quadra.md,Liderar em quadra
AvanÃ§ado,ğŸ”´,SeleÃ§Ã£o de Golpes AvanÃ§ada,SeleÃ§Ã£o de Golpes AvanÃ§ada.md,Tomada de decisÃ£o tÃ¡tica em alto nÃ­vel
AvanÃ§ado,ğŸ”´,ConstruÃ§Ã£o de Pontos,ConstruÃ§Ã£o de Pontos.md,Sistemas tÃ¡ticos para construir pontos e controlar o jogo
TÃ¡ticas,ğŸŸ£,Controle de Ritmo,Controle de Ritmo.md,Controlar velocidade do jogo
TÃ¡ticas,ğŸŸ£,Jogo no Meio,Jogo no Meio.md,EstratÃ©gias do meio da quadra
TÃ¡ticas,ğŸŸ£,Explorar Fraquezas,Explorar Fraquezas.md,Identificar e explorar pontos fracos
TÃ¡ticas,ğŸŸ£,VariaÃ§Ã£o de Altura,VariaÃ§Ã£o de Altura.md,VariaÃ§Ãµes de altura das bolas
TÃ¡ticas,ğŸŸ£,PressÃ£o Constante,PressÃ£o Constante.md,Manter pressÃ£o no adversÃ¡rio
TÃ¡ticas,ğŸŸ£,Jogo Cruzado,Jogo Cruzado.md,EstratÃ©gias de cruzamento
TÃ¡ticas,ğŸŸ£,Isolamento de Jogador,Isolamento de Jogador.md,Isolar um jogador
TÃ¡ticas,ğŸŸ£,MudanÃ§a de DireÃ§Ã£o,MudanÃ§a de DireÃ§Ã£o.md,VariaÃ§Ãµes de direÃ§Ã£o
TÃ¡ticas,ğŸŸ£,Jogo de PaciÃªncia,Jogo de PaciÃªncia.md,EstratÃ©gias de paciÃªncia
TÃ¡ticas,ğŸŸ£,Ataque ao Corpo,Ataque ao Corpo.md,Direcionar para o corpo
TÃ¡ticas,ğŸŸ£,Uso do Lob TÃ¡tico,Uso do Lob TÃ¡tico.md,Lob como ferramenta tÃ¡tica
TÃ¡ticas,ğŸŸ£,ForÃ§ar Erros,ForÃ§ar Erros.md,EstratÃ©gias para forÃ§ar erros
TÃ¡ticas,ğŸŸ£,EstratÃ©gias de Abertura,EstratÃ©gias de Abertura.md,ComeÃ§ar o ponto
TÃ¡ticas,ğŸŸ£,Controle de Ponto,Controle de Ponto.md,Controlar o desenvolvimento do ponto
TÃ¡ticas,ğŸŸ£,Quebra de Ritmo,Quebra de Ritmo.md,Interromper o ritmo do adversÃ¡rio
TÃ¡ticas,ğŸŸ£,ExploraÃ§Ã£o de Ã‚ngulos,ExploraÃ§Ã£o de Ã‚ngulos.md,Usar diferentes Ã¢ngulos
TÃ¡ticas,ğŸŸ£,Jogos Mentais,Jogos Mentais.md,EstratÃ©gias psicolÃ³gicas
TÃ¡ticas,ğŸŸ£,AdaptaÃ§Ã£o TÃ¡tica,AdaptaÃ§Ã£o TÃ¡tica.md,Adaptar tÃ¡ticas durante o jogo
